{
	"function": {},
	"auth": {
		"cognitoa72be59a": {
			"service": "Cognito",
			"providerPlugin": "awscloudformation"
		}
	},
	"api": {
		"socialdistancingprog": {
			"service": "AppSync",
			"providerPlugin": "awscloudformation",
			"output": {
				"authConfig": {
					"additionalAuthenticationProviders": [],
					"defaultAuthentication": {
						"authenticationType": "AMAZON_COGNITO_USER_POOLS",
						"userPoolConfig": {
							"userPoolId": "authcognitoa72be59a"
						}
					}
				}
			}
		}
	}
}