{
  "project_info": {
    "project_number": "986672048086",
    "firebase_url": "https://where-sat.firebaseio.com",
    "project_id": "where-sat",
    "storage_bucket": "where-sat.appspot.com"
  },
  "client": [
    {
      "client_info": {
        "mobilesdk_app_id": "1:986672048086:android:df854629040500046da677",
        "android_client_info": {
          "package_name": "edu.fsu.cs.wheresat"
        }
      },
      "oauth_client": [
        {
          "client_id": "986672048086-94o299u6np365a7p6psq0sq6uvap8eps.apps.googleusercontent.com",
          "client_type": 3
        }
      ],
      "api_key": [
        {
          "current_key": "AIzaSyDqr529XRDmqO2mPYjCaw9sh3yonSbZgdE"
        }
      ],
      "services": {
        "appinvite_service": {
          "other_platform_oauth_client": [
            {
              "client_id": "986672048086-94o299u6np365a7p6psq0sq6uvap8eps.apps.googleusercontent.com",
              "client_type": 3
            }
          ]
        }
      }
    }
  ],
  "configuration_version": "1"
}